geography,organisation,reference,name,geography,geometry,documentation-url,entry-date,start-date,end-date
claphamnorthindustrialestat,local-authority-eng:LBH,,"Clapham North Industrial Estate Key Industrial and Business Area;Durham Street/Oval Way Key Industrial and Business Area;Eurolink Business Centre Key Industrial and Business Area;Kennington Business Park Key Industrial and Business Area;Lion Yard
Key Industrial and Business Area;Park Hall Trading Estate Key Industrial and Business Area;Shakespeare Road Business Centre Key Industrial and Business Area;Southbank House and Newport Street Key Industrial and Business Area;Stannary Street Key Industrial and Business Area;Timber Mill Way Key Industrial and Business Area;Brixton Town Centre;some sites in Clapham Town Centre",,,https://www.lambeth.gov.uk/sites/default/files/pl-a4-confirmation-notice.pdf,2021-01-04,2017-09-15,
londoncentralactivitieszone,local-authority-eng:LBH,,London Central Activities Zone within Lambeth,,,https://www.lambeth.gov.uk/sites/default/files/pl_CAZ_Article_4_Direction_Confirmation_Notice.pdf,2021-01-04,2019-05-31,
lansdownegardens,local-authority-eng:LBH,CA3,Lansdowne Gardens,,,https://www.lambeth.gov.uk/sites/default/files/CA3LansdowneGardensArticle4Direction1973.pdf,2021-01-04,1981-07-07,
albertsquare,local-authority-eng:LBH,CA4,Albert Square,,,https://www.lambeth.gov.uk/sites/default/files/AlbertSquareCAstatement2009_2.pdf,2021-01-04,2009-04-24,
stockwellpark,local-authority-eng:LBH,CA5,Stockwell Park,,,https://www.lambeth.gov.uk/sites/default/files/pl-stockwellPark-1973.pdf,2021-01-04,1973-07-16,
stmarks,local-authority-eng:LBH,CA11,St Marks,,,https://www.lambeth.gov.uk/sites/default/files/ca11-st-marks-article-4-direction-guidance-note.pdf,2021-01-04,1975-01-31,
stmarks,local-authority-eng:LBH,CA11,St Marks,,,https://www.lambeth.gov.uk/sites/default/files/ca11-st-marks-article-4-direction-guidance-note.pdf,2021-01-04,1975-01-31,
parkhallroad,local-authority-eng:LBH,CA19,Park Hall Road,,,https://www.lambeth.gov.uk/sites/default/files/CA19ParkHallRoadArticle4DirectionGuidanceNote1985.pdf,2021-01-04,1985-02-18,
leighamcourtestate,local-authority-eng:LBH,CA31,Leigham Court Estate,,,https://www.lambeth.gov.uk/sites/default/files/CA31LeighamCourtEstateArticle4Report1995.pdf,2021-01-04,1995-11-21,
hydefarm,local-authority-eng:LBH,CA48,Hyde Farm,,,https://www.lambeth.gov.uk/sites/default/files/CA48HydeFarmArticle4Direction2002.pdf,2021-01-04,2002-11-22,
streathamlodge,local-authority-eng:LBH,CA62,Streatham Lodge,,,,2021-01-04,,
hanovergarden,local-authority-eng:LBH,,Hanover Garden,,,,2021-01-04,,
railwayarches,local-authority-eng:SWK,,Railway arches ,,,,2021-01-04,,
housesinmultipleoccupation,local-authority-eng:SWK,,Houses in Multiple Occupation,,,,2021-01-04,,
publichouses,local-authority-eng:SWK,,Public Houses ,,,,2021-01-04,,
lightindustrial,local-authority-eng:SWK,,Light Industrial ,,,,2021-01-04,,
centralactiviteszone,local-authority-eng:SWK,,Central Activites Zone,,,,2021-01-04,,
oldsouthernrailwaysandthe,local-authority-eng:SWK,,Old Southern Railways and the Forage,,,,2021-01-04,,
sunrayestate,local-authority-eng:SWK,,Sunray Estate ,,,,2021-01-04,,
changeofuseintowncentres,local-authority-eng:SWK,,Change of Use in Town Centres,,,,2021-01-04,,
llc/art4/0007,local-authority-eng:BUC,AD312,LLC/ART4/0007,,,,2021-01-04,1963-10-12,
llc/art4/0010,local-authority-eng:BUC,AD321,LLC/ART4/0010,,,,2021-01-04,1970-12-05,
llc/art4/0013,local-authority-eng:BUC,AD317,LLC/ART4/0013,,,,2021-01-04,1977-04-02,
llc/art4/0015os3917,local-authority-eng:BUC,AD319,LLC/ART4/0015 OS 3917,,,,2021-01-04,1988-04-08,
llc/art4/0016,local-authority-eng:BUC,AD186731,LLC/ART4/0016,,,,2021-01-04,2004-05-05,
llc/art4/0009,local-authority-eng:BUC,AD314,LLC/ART4/0009,,,,2021-01-04,1968-08-13,
llc/art4/0014,local-authority-eng:BUC,AD318,LLC/ART4/0014,,,,2021-01-04,1980-06-16,
llc/art4/0017,local-authority-eng:BUC,AD285884,LLC/ART4/0017,,,,2021-01-04,2007-08-16,
llc/art4/0003,local-authority-eng:BUC,AD320,LLC/ART4/0003,,,,2021-01-04,1959-04-17,
llc/art4/0012,local-authority-eng:BUC,AD316,LLC/ART4/0012,,,,2021-01-04,1975-11-19,
llc/art4/0018,local-authority-eng:BUC,AD287247,LLC/ART4/0018,,,,2021-01-04,2007-09-21,
llc/art4/0002,local-authority-eng:BUC,AD308,LLC/ART4/0002,,,,2021-01-04,1958-12-23,
llc/art4/0008,local-authority-eng:BUC,AD313,LLC/ART4/0008,,,,2021-01-04,1976-02-25,
llc/art4/0005,local-authority-eng:BUC,AD310,LLC/ART4/0005,,,,2021-01-04,1959-03-25,
llc/art4/0019,local-authority-eng:BUC,AD390975,LLC/ART4/0019,,,,2021-01-04,2010-05-26,
llc/art4/0019,local-authority-eng:BUC,AD390975,LLC/ART4/0019,,,,2021-01-04,2010-05-26,
llc/art4/0006,local-authority-eng:BUC,AD311,LLC/ART4/0006,,,,2021-01-04,1959-11-27,
llc/art4/0011,local-authority-eng:BUC,AD315,LLC/ART4/0011,,,,2021-01-04,1974-08-28,
llc/art4/0004,local-authority-eng:BUC,AD309,LLC/ART4/0004,,,,2021-01-04,1959-04-29,
llc/art4/0001,local-authority-eng:BUC,AD307,LLC/ART4/0001,,,,2021-01-04,1958-10-29,
,local-authority-eng:BUC,AD30,,,,,,,
,local-authority-eng:BUC,AD28,,,,,,,
,local-authority-eng:BUC,AD31,,,,,,,
,local-authority-eng:BUC,AD39,,,,,,,
